{"fold_0/train_loss": 0.31979704967566897, "fold_0/valid_auc": 0.8712467595476304, "fold_0/valid_auc_balanced": 0, "fold_0/balance_loss": 0.9312840359551566, "epoch": 136, "_timestamp": 1742668957.5716617, "_runtime": 912.9907047748566, "_step": 710, "fold_0/training_curves": {"_type": "image-file", "sha256": "b7b42c53d86615dc02968c0e4641bbd1aad7f740b9caf471028c0519fb920739", "size": 127152, "path": "media/images/fold_0/training_curves_132_b7b42c53d86615dc0296.png", "format": "png", "width": 1500, "height": 900}, "fold_0/best_valid_auc": 0.8722448249290112, "fold_0/best_epoch": 121, "fold_0/final_balance_loss": 0.9312840359551566, "fold_1/train_loss": 0.33984566160610746, "fold_1/valid_auc": 0.8682190062141806, "fold_1/valid_auc_balanced": 0, "fold_1/balance_loss": 0.8415260400090899, "fold_1/training_curves": {"_type": "image-file", "sha256": "f4a2d3df0e15693abec56e2281e9e43b7120b30ce9e4b31a48b6290c446521ac", "size": 129470, "path": "media/images/fold_1/training_curves_232_f4a2d3df0e15693abec5.png", "format": "png", "width": 1500, "height": 900}, "fold_1/best_valid_auc": 0.8705299879882993, "fold_1/best_epoch": 87, "fold_1/final_balance_loss": 0.8415260400090899, "fold_2/train_loss": 0.28110396010535105, "fold_2/valid_auc": 0.8767179436105419, "fold_2/valid_auc_balanced": 0, "fold_2/balance_loss": 0.8671385645866394, "fold_2/training_curves": {"_type": "image-file", "sha256": "96a772b6ddd3c5305e486c497c1d9041da3c88645721a65f683f7feda5332c78", "size": 136001, "path": "media/images/fold_2/training_curves_426_96a772b6ddd3c5305e48.png", "format": "png", "width": 1500, "height": 900}, "fold_2/best_valid_auc": 0.8816963628260513, "fold_2/best_epoch": 181, "fold_2/final_balance_loss": 0.8671385645866394, "fold_3/train_loss": 0.3153103398425238, "fold_3/valid_auc": 0.8769505532785269, "fold_3/valid_auc_balanced": 0, "fold_3/balance_loss": 0.8512976680483136, "fold_3/training_curves": {"_type": "image-file", "sha256": "4b40581650db877dcfff20e670d1df3729782bae3b89d690db7fc99e061d4d33", "size": 130790, "path": "media/images/fold_3/training_curves_568_4b40581650db877dcfff.png", "format": "png", "width": 1500, "height": 900}, "fold_3/best_valid_auc": 0.8807135570985017, "fold_3/best_epoch": 129, "fold_3/final_balance_loss": 0.8512976680483136, "fold_4/train_loss": 0.3154848515987396, "fold_4/valid_auc": 0.8786320876691134, "fold_4/valid_auc_balanced": 0, "fold_4/balance_loss": 0.8728676353182111, "fold_4/training_curves": {"_type": "image-file", "sha256": "c405ae36298c514753e0ab563d65460a681291e7b8736493460fc05269966364", "size": 128515, "path": "media/images/fold_4/training_curves_706_c405ae36298c514753e0.png", "format": "png", "width": 1500, "height": 900}, "fold_4/best_valid_auc": 0.8816367831275025, "fold_4/best_epoch": 125, "fold_4/final_balance_loss": 0.8728676353182111, "Results Table": {"_type": "table-file", "sha256": "eb1fa9ba00716a778deba793a0cef5771f2bcc7ff834bc08deaa723912844d15", "size": 391, "artifact_path": "wandb-client-artifact://if6scluovy5gw3jzdz1xmvds66kgoshlu2mn65tyfe8udhe0b3udw89mjg8gqtzai9qk36jyzvr8baiyvwed7s7sxvcmw40voppy2ceobnslbqorpvkqe3qd5cs5jic4/Results Table.table.json", "_latest_artifact_path": "wandb-client-artifact://zx8qvld5r52t6znmveod5ilmj76p7zwfieidvouvd3cxvwx4twlanq9cvji550tjwyyil1bgpicesdezant9bpfpen8ol13y7m530ty7ce1uk6uev1zmivixugqj4tun:latest/Results Table.table.json", "path": "media/table/Results Table_708_eb1fa9ba00716a778deb.table.json", "ncols": 12, "nrows": 1}, "inference_speed_by_fold": {"_type": "image-file", "sha256": "8fd8403f1616a186b4198c9e5b1a01e3b6fab3c5137452af4028d4c79d6017e8", "size": 39626, "path": "media/images/inference_speed_by_fold_709_8fd8403f1616a186b419.png", "format": "png", "width": 1050, "height": 750}, "auc_d": 0.8775699362458547, "acc_d": 0.8288378619560461, "rmse_d": 0.34643466348855967, "auc_b": 0.0, "acc_b": 0.0, "rmse_b": 0.0, "auc_w": 0.8775699362458547, "acc_w": 0.7479873068683904, "rmse_w": 0.4168148337687061, "avg_inference_speed": 11008.300137936127, "inference_speed_std": 14.0217235823487, "Model": "routerakt", "Dataset": "linux", "l2": 0.1, "log_wandb_fold": true, "sequence_option": "recent", "seq_len": 100, "batch_size": 512, "eval_batch_size": 512, "num_epochs": 300, "print_epochs": 1, "max_grad_norm": 2.0, "learning_rate": 0.001, "optimizer": "adam", "diff_order": "random", "loss": "BCE", "save_model": false, "save_epochs": 1, "save_model_name": "tmp", "log_path": "logs", "describe": "default", "gpu_num": 0, "server_num": "0", "diff_as_loss_weight": false, "valid_balanced": false, "uniform": false, "seed": 12405, "embedding_size": 64, "num_blocks": 2, "kq_same": true, "model_type": "routerakt", "num_attn_heads": 8, "final_fc_dim": 512, "d_ff": 1024, "dropout": 0.05, "separate_qr": false, "routing_mode": "dynamic", "num_selected_heads": 4, "num_shared_heads": 1, "num_alibi_heads": 0, "balance_loss_weight": 0.01, "_wandb": {"runtime": 912}}
