{"fold_0/train_loss": 0.322653591632843, "fold_0/valid_auc": 0.7758491531278926, "fold_0/valid_auc_balanced": 0, "fold_0/balance_loss": 1.002197265625, "epoch": 70, "_timestamp": 1742525978.0233448, "_runtime": 104.45619678497314, "_step": 376, "fold_0/training_curves": {"_type": "image-file", "sha256": "1b53b3393d3812c16164d7df7442d7155fd00d6a3ac8926474c26e01864c38ee", "size": 145232, "path": "media/images/fold_0/training_curves_74_1b53b3393d3812c16164.png", "format": "png", "width": 1500, "height": 900}, "fold_0/best_valid_auc": 0.7903930969084464, "fold_0/best_epoch": 63, "fold_0/final_balance_loss": 1.002197265625, "fold_1/train_loss": 0.31721946597099304, "fold_1/valid_auc": 0.7754392323715293, "fold_1/valid_auc_balanced": 0, "fold_1/balance_loss": 0.9637282490730286, "fold_1/training_curves": {"_type": "image-file", "sha256": "50817e6db07c6502939e2ddc21495e78344d03989bcc8f1c66d319bb84ceb9a8", "size": 141406, "path": "media/images/fold_1/training_curves_149_50817e6db07c6502939e.png", "format": "png", "width": 1500, "height": 900}, "fold_1/best_valid_auc": 0.7873189220536368, "fold_1/best_epoch": 62, "fold_1/final_balance_loss": 0.9637282490730286, "fold_2/train_loss": 0.31904104351997375, "fold_2/valid_auc": 0.7955424368985318, "fold_2/valid_auc_balanced": 0, "fold_2/balance_loss": 0.9571820497512817, "fold_2/training_curves": {"_type": "image-file", "sha256": "26116f0e5136dbf14fecaa68a24a2ea6ef255c18b68207236e7525877d7b9809", "size": 145851, "path": "media/images/fold_2/training_curves_223_26116f0e5136dbf14fec.png", "format": "png", "width": 1500, "height": 900}, "fold_2/best_valid_auc": 0.7979277706600054, "fold_2/best_epoch": 61, "fold_2/final_balance_loss": 0.9571820497512817, "fold_3/train_loss": 0.30140605568885803, "fold_3/valid_auc": 0.8193098756733466, "fold_3/valid_auc_balanced": 0, "fold_3/balance_loss": 0.9271497130393982, "fold_3/training_curves": {"_type": "image-file", "sha256": "7ce8c778a175cb18ba3af302f0685b1f3fe67afb17fe97d276b17d1c87529714", "size": 144437, "path": "media/images/fold_3/training_curves_300_7ce8c778a175cb18ba3a.png", "format": "png", "width": 1500, "height": 900}, "fold_3/best_valid_auc": 0.835492104188744, "fold_3/best_epoch": 64, "fold_3/final_balance_loss": 0.9271497130393982, "fold_4/train_loss": 0.2941998243331909, "fold_4/valid_auc": 0.7765465646952088, "fold_4/valid_auc_balanced": 0, "fold_4/balance_loss": 0.960834264755249, "fold_4/training_curves": {"_type": "image-file", "sha256": "f54698d3d281a8fca64e1792373a78a72952b38ce6f62fb43a91e8a60b3d8ed1", "size": 141103, "path": "media/images/fold_4/training_curves_372_f54698d3d281a8fca64e.png", "format": "png", "width": 1500, "height": 900}, "fold_4/best_valid_auc": 0.7892767649714418, "fold_4/best_epoch": 59, "fold_4/final_balance_loss": 0.960834264755249, "Results Table": {"_type": "table-file", "sha256": "844badc0f28449e5cdeeb5bb1bb83ae3618a2b6910e52f9bb4b792ebed563f1c", "size": 397, "artifact_path": "wandb-client-artifact://vtodgn02z5t5sqjg4oit65kwm0cp3i52ye3agju9zv9ulqh01hk8atdsapcd4x2djyvkvusa5z8dj1wz5ekk7jelng8rj7nyamsibgjqcs2bbhy4nllttuthbcsy1sgo/Results Table.table.json", "_latest_artifact_path": "wandb-client-artifact://gm3x61vdjplqjn1js829q9g4kjlso5ozswre761o3yzbdogfkvxv42b8iuz909bfyzw2jp6fa8jl08c0chj0qomzy0r0pnucv7d1k8q268ww596rgmjtxyq4j8ekogsa:latest/Results Table.table.json", "path": "media/table/Results Table_374_844badc0f28449e5cdee.table.json", "ncols": 12, "nrows": 1}, "inference_speed_by_fold": {"_type": "image-file", "sha256": "c2c03825b5ec5b3965f1a16c67144fa7ccb51cce0966e3658bf824f2db48291a", "size": 42607, "path": "media/images/inference_speed_by_fold_375_c2c03825b5ec5b3965f1.png", "format": "png", "width": 1050, "height": 750}, "auc_d": 0.8016534420485918, "acc_d": 0.7967171468460468, "rmse_d": 0.37866741281420874, "auc_b": 0.0, "acc_b": 0.0, "rmse_b": 0.0, "auc_w": 0.8016534420485918, "acc_w": 0.6843202491666154, "rmse_w": 0.463048410728809, "avg_inference_speed": 10977.954578330504, "inference_speed_std": 2387.5010102971596, "Model": "routerakt", "Dataset": "algebra05", "l2": 0.1, "log_wandb_fold": true, "sequence_option": "recent", "seq_len": 100, "batch_size": 512, "eval_batch_size": 512, "num_epochs": 300, "print_epochs": 1, "max_grad_norm": 2.0, "learning_rate": 0.001, "optimizer": "adam", "diff_order": "random", "loss": "BCE", "save_model": false, "save_epochs": 1, "save_model_name": "tmp", "log_path": "logs", "describe": "default", "gpu_num": 0, "server_num": "0", "diff_as_loss_weight": false, "valid_balanced": false, "uniform": false, "seed": 12405, "embedding_size": 64, "num_blocks": 2, "kq_same": true, "model_type": "routerakt", "num_attn_heads": 8, "final_fc_dim": 512, "d_ff": 1024, "dropout": 0.05, "separate_qr": false, "routing_mode": "dynamic", "num_selected_heads": 4, "num_shared_heads": 1, "num_alibi_heads": 0, "balance_loss_weight": 0.001, "_wandb": {"runtime": 103}}