{"fold_0/train_loss": 0.41145414113998413, "fold_0/valid_auc": 0.8400273239640299, "fold_0/valid_auc_balanced": 0, "fold_0/balance_loss": 1.437328815460205, "epoch": 80, "_timestamp": 1742575724.967759, "_runtime": 30.46599793434143, "_step": 361, "fold_0/training_curves": {"_type": "image-file", "sha256": "f9b8a67ee0aa0e84b3ac6c5b9458fbc2771ecbf1fc4b74737e8744fb8e1def24", "size": 138907, "path": "media/images/fold_0/training_curves_73_f9b8a67ee0aa0e84b3ac.png", "format": "png", "width": 1500, "height": 900}, "fold_0/best_valid_auc": 0.842287830180422, "fold_0/best_epoch": 62, "fold_0/final_balance_loss": 1.437328815460205, "fold_1/train_loss": 0.43146488070487976, "fold_1/valid_auc": 0.8488134406456811, "fold_1/valid_auc_balanced": 0, "fold_1/balance_loss": 1.3597971200942993, "fold_1/training_curves": {"_type": "image-file", "sha256": "7e767ed9a2c748a75706e934caab52daf19dad27557957b342f7b272e36d1e78", "size": 148201, "path": "media/images/fold_1/training_curves_127_7e767ed9a2c748a75706.png", "format": "png", "width": 1500, "height": 900}, "fold_1/best_valid_auc": 0.849805377161744, "fold_1/best_epoch": 41, "fold_1/final_balance_loss": 1.3597971200942993, "fold_2/train_loss": 0.41064101457595825, "fold_2/valid_auc": 0.8600812923397603, "fold_2/valid_auc_balanced": 0, "fold_2/balance_loss": 1.6015434265136719, "fold_2/training_curves": {"_type": "image-file", "sha256": "c837178b418ba10bb0d22ba5b7baa564f93cc950126caafd6dc799ad84e26fd8", "size": 139839, "path": "media/images/fold_2/training_curves_211_c837178b418ba10bb0d2.png", "format": "png", "width": 1500, "height": 900}, "fold_2/best_valid_auc": 0.8613882230328296, "fold_2/best_epoch": 71, "fold_2/final_balance_loss": 1.6015434265136719, "fold_3/train_loss": 0.426922470331192, "fold_3/valid_auc": 0.8879298653492202, "fold_3/valid_auc_balanced": 0, "fold_3/balance_loss": 1.6506931781768799, "fold_3/training_curves": {"_type": "image-file", "sha256": "1741ebf545a1a8886dab566a3251fe7b0e016fa9941555fae61b952d610f5212", "size": 135966, "path": "media/images/fold_3/training_curves_275_1741ebf545a1a8886dab.png", "format": "png", "width": 1500, "height": 900}, "fold_3/best_valid_auc": 0.8883173496076721, "fold_3/best_epoch": 51, "fold_3/final_balance_loss": 1.6506931781768799, "fold_4/train_loss": 0.3996991813182831, "fold_4/valid_auc": 0.8293016039508763, "fold_4/valid_auc_balanced": 0, "fold_4/balance_loss": 1.6098854541778564, "fold_4/training_curves": {"_type": "image-file", "sha256": "c83845f4adb8375d35ec5afec6f582c50208fde9766eef2e97f94930920eb3b6", "size": 138582, "path": "media/images/fold_4/training_curves_357_c83845f4adb8375d35ec.png", "format": "png", "width": 1500, "height": 900}, "fold_4/best_valid_auc": 0.8307420275920341, "fold_4/best_epoch": 69, "fold_4/final_balance_loss": 1.6098854541778564, "Results Table": {"_type": "table-file", "sha256": "8f1833eff4553ad60a0e12e7350d0944a5439d28f5ecfca673c7ddfd8be7f7c6", "size": 393, "artifact_path": "wandb-client-artifact://ps4jmc8ls8so1ydhjwaghqnidoleau3yb9bxv8d2n5tmfik5phto84xrmyd858y3rgeopnolharvfphdh2e1yj0m4f9ggnfoxlcuf4rxns3lwymx6wzo6pavvor66xfy/Results Table.table.json", "_latest_artifact_path": "wandb-client-artifact://nnid7x8ymeovubf11b7g3ja2p5fbygp3oyqff9je4txwkho72d8au6nkgnt13kzp2ts84nhyz2vx7s5nnbh7pqxhths18w2g0qha4oclss5fox59c5p21rjgrcfekme9:latest/Results Table.table.json", "path": "media/table/Results Table_359_8f1833eff4553ad60a0e.table.json", "ncols": 12, "nrows": 1}, "inference_speed_by_fold": {"_type": "image-file", "sha256": "c2a69a3c1b9d0f8a2c83cac8877b03a604039e1d9762a3564a60ddbeaf9708e5", "size": 37706, "path": "media/images/inference_speed_by_fold_360_c2a69a3c1b9d0f8a2c83.png", "format": "png", "width": 1050, "height": 750}, "auc_d": 0.8529596693267072, "acc_d": 0.783676100342767, "rmse_d": 0.38667432526740253, "auc_b": 0.0, "acc_b": 0.0, "rmse_b": 0.0, "auc_w": 0.8529596693267072, "acc_w": 0.7629618871348348, "rmse_w": 0.4044294843735784, "avg_inference_speed": 8926.864860716794, "inference_speed_std": 369.7689211360986, "Model": "routerakt", "Dataset": "spanish", "l2": 0.1, "log_wandb_fold": true, "sequence_option": "recent", "seq_len": 100, "batch_size": 512, "eval_batch_size": 512, "num_epochs": 300, "print_epochs": 1, "max_grad_norm": 2.0, "learning_rate": 0.001, "optimizer": "adam", "diff_order": "random", "loss": "BCE", "save_model": false, "save_epochs": 1, "save_model_name": "tmp", "log_path": "logs", "describe": "default", "gpu_num": 0, "server_num": "0", "diff_as_loss_weight": false, "valid_balanced": false, "uniform": false, "seed": 12405, "embedding_size": 64, "num_blocks": 2, "kq_same": true, "model_type": "routerakt", "num_attn_heads": 8, "final_fc_dim": 512, "d_ff": 1024, "dropout": 0.05, "separate_qr": false, "routing_mode": "dynamic", "num_selected_heads": 2, "num_shared_heads": 1, "num_alibi_heads": 0, "balance_loss_weight": 0.0, "_wandb": {"runtime": 29}}