{"fold_0/train_loss": 0.2416269201785326, "fold_0/valid_auc": 0.8955488630954191, "fold_0/valid_auc_balanced": 0, "fold_0/balance_loss": 1.0307137370109558, "epoch": 152, "_timestamp": 1742544652.381433, "_runtime": 1645.0822079181671, "_step": 708, "fold_0/training_curves": {"_type": "image-file", "sha256": "bfb85c28ebafb433306a987b1ba5e38bb070a057853bc26d3081d334ea4634aa", "size": 132454, "path": "media/images/fold_0/training_curves_157_bfb85c28ebafb433306a.png", "format": "png", "width": 1500, "height": 900}, "fold_0/best_valid_auc": 0.8980179709609696, "fold_0/best_epoch": 146, "fold_0/final_balance_loss": 1.0307137370109558, "fold_1/train_loss": 0.24662179313600063, "fold_1/valid_auc": 0.8913405032932981, "fold_1/valid_auc_balanced": 0, "fold_1/balance_loss": 1.1042735278606415, "fold_1/training_curves": {"_type": "image-file", "sha256": "73a79c89ca0189072517c7c6beba1a5e9ce254e74b84617bcda01f2269f8e0b2", "size": 133895, "path": "media/images/fold_1/training_curves_313_73a79c89ca0189072517.png", "format": "png", "width": 1500, "height": 900}, "fold_1/best_valid_auc": 0.8944265176147709, "fold_1/best_epoch": 143, "fold_1/final_balance_loss": 1.1042735278606415, "fold_2/train_loss": 0.256189314648509, "fold_2/valid_auc": 0.900514654645712, "fold_2/valid_auc_balanced": 0, "fold_2/balance_loss": 1.1296433806419373, "fold_2/training_curves": {"_type": "image-file", "sha256": "c3f1e218499bf20e0896d21be6c7d89556eca961a7d1a229d137492c8f3817b4", "size": 147228, "path": "media/images/fold_2/training_curves_419_c3f1e218499bf20e0896.png", "format": "png", "width": 1500, "height": 900}, "fold_2/best_valid_auc": 0.9028447341616072, "fold_2/best_epoch": 93, "fold_2/final_balance_loss": 1.1296433806419373, "fold_3/train_loss": 0.24313625320792198, "fold_3/valid_auc": 0.8937866819219598, "fold_3/valid_auc_balanced": 0, "fold_3/balance_loss": 1.132673054933548, "fold_3/training_curves": {"_type": "image-file", "sha256": "1f9247fa9bcee547b2f28bf38fe0667ac09d40ce87b923fde2c15a3c8db3f65c", "size": 137248, "path": "media/images/fold_3/training_curves_550_1f9247fa9bcee547b2f2.png", "format": "png", "width": 1500, "height": 900}, "fold_3/best_valid_auc": 0.8955351699814913, "fold_3/best_epoch": 118, "fold_3/final_balance_loss": 1.132673054933548, "fold_4/train_loss": 0.24339818768203259, "fold_4/valid_auc": 0.8976260307828232, "fold_4/valid_auc_balanced": 0, "fold_4/balance_loss": 1.0103162974119186, "fold_4/training_curves": {"_type": "image-file", "sha256": "1998231555ba59bcb20beb31baf3d05620b225dee926de60aecda32f667b293b", "size": 133823, "path": "media/images/fold_4/training_curves_704_1998231555ba59bcb20b.png", "format": "png", "width": 1500, "height": 900}, "fold_4/best_valid_auc": 0.8991866352478667, "fold_4/best_epoch": 141, "fold_4/final_balance_loss": 1.0103162974119186, "Results Table": {"_type": "table-file", "sha256": "f41f5482347b45464f2bd7ff5b8451d693b222edbdce453381e50479906d8c60", "size": 396, "artifact_path": "wandb-client-artifact://5jm2pzz8n92vd60y2q0n0lqdmj0mckkf698jywqja3kwu9x3el8cf0tmjjibxaf02qw7ab6467ycuakptltwrnaecad99o668v7fyymz52dtbm4hqcilgc4nls9zgpww/Results Table.table.json", "_latest_artifact_path": "wandb-client-artifact://d8snbg88z3kmsmizdn544b1rejk73be2y51dok114bxotafi5czk9sv0f0t05xdbvhwf64kfjxx2z6vlo4z9189pygaxucmdz31obizu9jidmjgv5u3s5umqi9bgr73q:latest/Results Table.table.json", "path": "media/table/Results Table_706_f41f5482347b45464f2b.table.json", "ncols": 12, "nrows": 1}, "inference_speed_by_fold": {"_type": "image-file", "sha256": "1c4bc653f8c58987444f6fda7cae50ece969a8b4ba78d6916595d3d447ae5080", "size": 42931, "path": "media/images/inference_speed_by_fold_707_1c4bc653f8c58987444f.png", "format": "png", "width": 1050, "height": 750}, "auc_d": 0.8960349694502947, "acc_d": 0.8727513189053309, "rmse_d": 0.301226794419423, "auc_b": 0.0, "acc_b": 0.0, "rmse_b": 0.0, "auc_w": 0.8960349694502947, "acc_w": 0.7364284229080064, "rmse_w": 0.42888224158269894, "avg_inference_speed": 14306.36065440185, "inference_speed_std": 5514.649988071261, "Model": "routerakt", "Dataset": "database", "l2": 0.1, "log_wandb_fold": true, "sequence_option": "recent", "seq_len": 100, "batch_size": 512, "eval_batch_size": 512, "num_epochs": 300, "print_epochs": 1, "max_grad_norm": 2.0, "learning_rate": 0.001, "optimizer": "adam", "diff_order": "random", "loss": "BCE", "save_model": false, "save_epochs": 1, "save_model_name": "tmp", "log_path": "logs", "describe": "default", "gpu_num": 0, "server_num": "0", "diff_as_loss_weight": false, "valid_balanced": false, "uniform": false, "seed": 12405, "embedding_size": 64, "num_blocks": 2, "kq_same": true, "model_type": "routerakt", "num_attn_heads": 8, "final_fc_dim": 512, "d_ff": 1024, "dropout": 0.05, "separate_qr": false, "routing_mode": "dynamic", "num_selected_heads": 4, "num_shared_heads": 1, "num_alibi_heads": 0, "balance_loss_weight": 0.0, "_wandb": {"runtime": 1644}}