{"fold_0/train_loss": 0.2889086282812059, "fold_0/valid_auc": 0.8401567640273003, "fold_0/valid_auc_balanced": 0, "fold_0/balance_loss": 0.9244703501462936, "epoch": 139, "_timestamp": 1742596771.782181, "_runtime": 874.5122060775757, "_step": 591, "fold_0/training_curves": {"_type": "image-file", "sha256": "e47921eeb912aab1f835678f72c65c8e143d6d318990ddc994d9584fba478cb0", "size": 141020, "path": "media/images/fold_0/training_curves_96_e47921eeb912aab1f835.png", "format": "png", "width": 1500, "height": 900}, "fold_0/best_valid_auc": 0.8418369646509388, "fold_0/best_epoch": 85, "fold_0/final_balance_loss": 0.9244703501462936, "fold_1/train_loss": 0.30050050280988216, "fold_1/valid_auc": 0.8204017851770974, "fold_1/valid_auc_balanced": 0, "fold_1/balance_loss": 0.984248623251915, "fold_1/training_curves": {"_type": "image-file", "sha256": "6981b99be48108b077bd31370ed5c5c0f0b449be2c0018682c7dad4e8820a51f", "size": 133368, "path": "media/images/fold_1/training_curves_190_6981b99be48108b077bd.png", "format": "png", "width": 1500, "height": 900}, "fold_1/best_valid_auc": 0.8237588944062508, "fold_1/best_epoch": 81, "fold_1/final_balance_loss": 0.984248623251915, "fold_2/train_loss": 0.261465702438727, "fold_2/valid_auc": 0.835449003709503, "fold_2/valid_auc_balanced": 0, "fold_2/balance_loss": 0.9495604634284973, "fold_2/training_curves": {"_type": "image-file", "sha256": "12c1b05c4585a51fba5b1bee0cf85a6f4a17c62968eec4fdd55a12a860ba4e4d", "size": 137611, "path": "media/images/fold_2/training_curves_313_12c1b05c4585a51fba5b.png", "format": "png", "width": 1500, "height": 900}, "fold_2/best_valid_auc": 0.8366515176180002, "fold_2/best_epoch": 110, "fold_2/final_balance_loss": 0.9495604634284973, "fold_3/train_loss": 0.25236565456725657, "fold_3/valid_auc": 0.8382481432874925, "fold_3/valid_auc_balanced": 0, "fold_3/balance_loss": 1.0372757762670517, "fold_3/training_curves": {"_type": "image-file", "sha256": "96fd84bb937d51ce0c30d36d24d5aa3d9b067a959eceb2605f5125ac86b81d40", "size": 140457, "path": "media/images/fold_3/training_curves_446_96fd84bb937d51ce0c30.png", "format": "png", "width": 1500, "height": 900}, "fold_3/best_valid_auc": 0.846189967131652, "fold_3/best_epoch": 120, "fold_3/final_balance_loss": 1.0372757762670517, "fold_4/train_loss": 0.2572248852811754, "fold_4/valid_auc": 0.8527674617885682, "fold_4/valid_auc_balanced": 0, "fold_4/balance_loss": 0.9680439680814743, "fold_4/training_curves": {"_type": "image-file", "sha256": "c7cb043df714f844e77ff815ba47aa927db3672976e46a6c08f26e5d1327eba6", "size": 144786, "path": "media/images/fold_4/training_curves_587_c7cb043df714f844e77f.png", "format": "png", "width": 1500, "height": 900}, "fold_4/best_valid_auc": 0.8531801490273297, "fold_4/best_epoch": 128, "fold_4/final_balance_loss": 0.9680439680814743, "Results Table": {"_type": "table-file", "sha256": "aa9c06254ce5cab7ca2493b879756109bf6df2f58cc4cd3de082799f60100243", "size": 397, "artifact_path": "wandb-client-artifact://utmzvpzrk9b0e8fegsi2wdxtgdbcfr7bbduk9m4xxwxsdg2an15nwzo4lmpxtccd0zdsjebnfirrefnnmmhjwojrturly5jxeab3a1wk0he4na0lf7p1p7hwgp0y5bjv/Results Table.table.json", "_latest_artifact_path": "wandb-client-artifact://luxg3xducx7j0rsaqv3ei4kehdlksp68zybxrxtcfi4h0xxzmmir19l686zwc267h4hboo962z25myee8mohqvr0uqdkmvvzfpd4ooyynvmy9ghrh367i5zh1iujm9al:latest/Results Table.table.json", "path": "media/table/Results Table_589_aa9c06254ce5cab7ca24.table.json", "ncols": 12, "nrows": 1}, "inference_speed_by_fold": {"_type": "image-file", "sha256": "1ec42a0c073f2ba8753941b3b3b63023828154d9721aa3ec61a0a60c27683206", "size": 39818, "path": "media/images/inference_speed_by_fold_590_1ec42a0c073f2ba87539.png", "format": "png", "width": 1050, "height": 750}, "auc_d": 0.8398689685210521, "acc_d": 0.8362649313858179, "rmse_d": 0.34314389476211815, "auc_b": 0.0, "acc_b": 0.0, "rmse_b": 0.0, "auc_w": 0.8398689685210521, "acc_w": 0.6933422639454161, "rmse_w": 0.46288879286875445, "avg_inference_speed": 10982.087901236795, "inference_speed_std": 6.272408575579921, "Model": "routerakt", "Dataset": "sampled_comp", "l2": 0.1, "log_wandb_fold": true, "sequence_option": "recent", "seq_len": 100, "batch_size": 512, "eval_batch_size": 512, "num_epochs": 300, "print_epochs": 1, "max_grad_norm": 2.0, "learning_rate": 0.001, "optimizer": "adam", "diff_order": "random", "loss": "BCE", "save_model": false, "save_epochs": 1, "save_model_name": "tmp", "log_path": "logs", "describe": "default", "gpu_num": 0, "server_num": "0", "diff_as_loss_weight": false, "valid_balanced": false, "uniform": false, "seed": 12405, "embedding_size": 64, "num_blocks": 2, "kq_same": true, "model_type": "routerakt", "num_attn_heads": 8, "final_fc_dim": 512, "d_ff": 1024, "dropout": 0.05, "separate_qr": false, "routing_mode": "dynamic", "num_selected_heads": 4, "num_shared_heads": 1, "num_alibi_heads": 0, "balance_loss_weight": 0.001, "_wandb": {"runtime": 873}}