{"fold_0/train_loss": 0.4704415500164032, "fold_0/valid_auc": 0.7625936893096343, "fold_0/valid_auc_balanced": 0, "fold_0/balance_loss": 1.1381826400756836, "epoch": 94, "_timestamp": 1742624857.7757838, "_runtime": 83.28276777267456, "_step": 510, "fold_0/training_curves": {"_type": "image-file", "sha256": "aa5b86c6e870076fde7da1defa806ff4bb1fb4fcc2c49d92b4f6b12d6f1480d8", "size": 133354, "path": "media/images/fold_0/training_curves_109_aa5b86c6e870076fde7d.png", "format": "png", "width": 1500, "height": 900}, "fold_0/best_valid_auc": 0.7686843251785174, "fold_0/best_epoch": 98, "fold_0/final_balance_loss": 1.1381826400756836, "fold_1/train_loss": 0.4726186990737915, "fold_1/valid_auc": 0.8078067140168761, "fold_1/valid_auc_balanced": 0, "fold_1/balance_loss": 1.4916958808898926, "fold_1/training_curves": {"_type": "image-file", "sha256": "8b306eb9f9e1d32c9f697b840e1956b813932a0c43efbabd5030d40d21a0a2a7", "size": 144909, "path": "media/images/fold_1/training_curves_211_8b306eb9f9e1d32c9f69.png", "format": "png", "width": 1500, "height": 900}, "fold_1/best_valid_auc": 0.8092178482386382, "fold_1/best_epoch": 89, "fold_1/final_balance_loss": 1.4916958808898926, "fold_2/train_loss": 0.48232030868530273, "fold_2/valid_auc": 0.78013699451782, "fold_2/valid_auc_balanced": 0, "fold_2/balance_loss": 1.2294456958770752, "fold_2/training_curves": {"_type": "image-file", "sha256": "54769bb6d07c7525778d90bf13ffd8468adfbf1242c4e8db8ceb15d757ff807b", "size": 159324, "path": "media/images/fold_2/training_curves_307_54769bb6d07c7525778d.png", "format": "png", "width": 1500, "height": 900}, "fold_2/best_valid_auc": 0.7840545510319146, "fold_2/best_epoch": 83, "fold_2/final_balance_loss": 1.2294456958770752, "fold_3/train_loss": 0.4676026999950409, "fold_3/valid_auc": 0.7963448972301218, "fold_3/valid_auc_balanced": 0, "fold_3/balance_loss": 1.1380361318588257, "fold_3/training_curves": {"_type": "image-file", "sha256": "6a35bde07d36616cb12afbb1db869842a33b2c8e30f7d47bf03b46de5d767d9d", "size": 152379, "path": "media/images/fold_3/training_curves_410_6a35bde07d36616cb12a.png", "format": "png", "width": 1500, "height": 900}, "fold_3/best_valid_auc": 0.8030494820015583, "fold_3/best_epoch": 90, "fold_3/final_balance_loss": 1.1380361318588257, "fold_4/train_loss": 0.4794639050960541, "fold_4/valid_auc": 0.7542902559555349, "fold_4/valid_auc_balanced": 0, "fold_4/balance_loss": 1.1738567352294922, "fold_4/training_curves": {"_type": "image-file", "sha256": "d8089810497a622c876697285163229fc67f904c3ea0726d6aaebbc8cf718dc7", "size": 148061, "path": "media/images/fold_4/training_curves_506_d8089810497a622c8766.png", "format": "png", "width": 1500, "height": 900}, "fold_4/best_valid_auc": 0.7603989820892403, "fold_4/best_epoch": 83, "fold_4/final_balance_loss": 1.1738567352294922, "Results Table": {"_type": "table-file", "sha256": "1649401b6560bf6f067fec499d6a44c0dc2738648553af67399f43d05fc08431", "size": 390, "artifact_path": "wandb-client-artifact://rnznu20azlji2t8vbz0zfjdb1pczd5j5ufb3dzus6r2nqmu7evejhzyuv1glc30m0v5q6g8ktzifii380cze04yz2ok78afo0t99tu7jatyey8bvpt6rwmfa6i9q40at/Results Table.table.json", "_latest_artifact_path": "wandb-client-artifact://uoke1vqdmrnpxxonzk8qcezfi078lzb0uf6jcy9836v2o0dooyrtseuspt244z3pv4a2vwbfgc2cr16h9irm57a2y1n9uusx8eml873rvh0an9s5qiwrh1alztmjm4vv:latest/Results Table.table.json", "path": "media/table/Results Table_508_1649401b6560bf6f067f.table.json", "ncols": 12, "nrows": 1}, "inference_speed_by_fold": {"_type": "image-file", "sha256": "13c34e1231c5080bedeb92783b924d801831644806e6b9bde8f907c88b1e467b", "size": 38455, "path": "media/images/inference_speed_by_fold_509_13c34e1231c5080bedeb.png", "format": "png", "width": 1050, "height": 750}, "auc_d": 0.7767685901389745, "acc_d": 0.7288468872371849, "rmse_d": 0.43230939941879265, "auc_b": 0.0, "acc_b": 0.0, "rmse_b": 0.0, "auc_w": 0.7767685901389745, "acc_w": 0.7046605438349417, "rmse_w": 0.44536056967733006, "avg_inference_speed": 9454.215465483125, "inference_speed_std": 294.14293161863895, "Model": "routerakt", "Dataset": "prob", "l2": 0.1, "log_wandb_fold": true, "sequence_option": "recent", "seq_len": 100, "batch_size": 512, "eval_batch_size": 512, "num_epochs": 300, "print_epochs": 1, "max_grad_norm": 2.0, "learning_rate": 0.001, "optimizer": "adam", "diff_order": "random", "loss": "BCE", "save_model": false, "save_epochs": 1, "save_model_name": "tmp", "log_path": "logs", "describe": "default", "gpu_num": 0, "server_num": "0", "diff_as_loss_weight": false, "valid_balanced": false, "uniform": false, "seed": 12405, "embedding_size": 64, "num_blocks": 2, "kq_same": true, "model_type": "routerakt", "num_attn_heads": 8, "final_fc_dim": 512, "d_ff": 1024, "dropout": 0.05, "separate_qr": false, "routing_mode": "dynamic", "num_selected_heads": 1, "num_shared_heads": 1, "num_alibi_heads": 0, "balance_loss_weight": 0.001, "_wandb": {"runtime": 82}}