{"fold_0/train_loss": 0.4558651049931844, "fold_0/valid_auc": 0.7686356776037918, "fold_0/valid_auc_balanced": 0, "fold_0/balance_loss": 1.0065140823523204, "epoch": 33, "_timestamp": 1742534621.8645658, "_runtime": 304.9475288391113, "_step": 193, "fold_0/training_curves": {"_type": "image-file", "sha256": "885fbe884f9fbd01639cadab58bc18317a4e3159b2cd89194f31804493c44cfd", "size": 153980, "path": "media/images/fold_0/training_curves_35_885fbe884f9fbd01639c.png", "format": "png", "width": 1500, "height": 900}, "fold_0/best_valid_auc": 0.7744778666046728, "fold_0/best_epoch": 24, "fold_0/final_balance_loss": 1.0065140823523204, "fold_1/train_loss": 0.44767530262470245, "fold_1/valid_auc": 0.7666976511909589, "fold_1/valid_auc_balanced": 0, "fold_1/balance_loss": 0.9917226731777191, "fold_1/training_curves": {"_type": "image-file", "sha256": "e12a69ec39a728ef19ca359c77aa11fbde04bafbd6143adc1f8d23d96932f526", "size": 157907, "path": "media/images/fold_1/training_curves_74_e12a69ec39a728ef19ca.png", "format": "png", "width": 1500, "height": 900}, "fold_1/best_valid_auc": 0.7812119832578724, "fold_1/best_epoch": 26, "fold_1/final_balance_loss": 0.9917226731777191, "fold_2/train_loss": 0.45184823373953503, "fold_2/valid_auc": 0.7762335837323603, "fold_2/valid_auc_balanced": 0, "fold_2/balance_loss": 1.0820524096488953, "fold_2/training_curves": {"_type": "image-file", "sha256": "61c669a34e2914023336e9e6316824292f8002c1feef47d11db978992ca0ae0e", "size": 150805, "path": "media/images/fold_2/training_curves_111_61c669a34e2914023336.png", "format": "png", "width": 1500, "height": 900}, "fold_2/best_valid_auc": 0.7868163140715694, "fold_2/best_epoch": 24, "fold_2/final_balance_loss": 1.0820524096488953, "fold_3/train_loss": 0.4228060344854991, "fold_3/valid_auc": 0.7852536213550699, "fold_3/valid_auc_balanced": 0, "fold_3/balance_loss": 1.051395297050476, "fold_3/training_curves": {"_type": "image-file", "sha256": "3c153df2b249f497c0904f2cd6da24c308254986cca74e325ab769b5fda12c16", "size": 157711, "path": "media/images/fold_3/training_curves_154_3c153df2b249f497c090.png", "format": "png", "width": 1500, "height": 900}, "fold_3/best_valid_auc": 0.7877519001859936, "fold_3/best_epoch": 30, "fold_3/final_balance_loss": 1.051395297050476, "fold_4/train_loss": 0.4545408636331558, "fold_4/valid_auc": 0.7646712963774798, "fold_4/valid_auc_balanced": 0, "fold_4/balance_loss": 1.135728657245636, "fold_4/training_curves": {"_type": "image-file", "sha256": "385bba9196db20b789c8ffb7ef3f7727c91a6d4cb558119020a1b1014bf3493c", "size": 153075, "path": "media/images/fold_4/training_curves_189_385bba9196db20b789c8.png", "format": "png", "width": 1500, "height": 900}, "fold_4/best_valid_auc": 0.7822917508533742, "fold_4/best_epoch": 22, "fold_4/final_balance_loss": 1.135728657245636, "Results Table": {"_type": "table-file", "sha256": "d6657024a647ddd5f009444050d22c13fc0760fbc624525a390878d1ce45cd5a", "size": 401, "artifact_path": "wandb-client-artifact://o0ymj5f08eivo00ed3q1wpqpzlibnockz0cd9epw7j4cw06u84t3hpe1gqfh17wp4s14p58eq8oz2fr2oih4sip1twbp9y8vw2idib7abhojjtvrzgxbv8ztrf3qexa5/Results Table.table.json", "_latest_artifact_path": "wandb-client-artifact://uucoakks2siyew2aw6jeia4yc915sn01xotstxg1m5f7mw9k698jlqeegqf1d578fmnywjm1vni4k03qldobm7cy0htth2gfb76146jxsedr6qqnfw3bwcs2hwt9pxxm:latest/Results Table.table.json", "path": "media/table/Results Table_191_d6657024a647ddd5f009.table.json", "ncols": 12, "nrows": 1}, "inference_speed_by_fold": {"_type": "image-file", "sha256": "57175a7a8270f49cbac6ae7f3f4697dcb240a4fc73c3f2321f8bde20714de7c9", "size": 42366, "path": "media/images/inference_speed_by_fold_192_57175a7a8270f49cbac6.png", "format": "png", "width": 1050, "height": 750}, "auc_d": 0.7815328460928578, "acc_d": 0.7224144962100388, "rmse_d": 0.43483725039896964, "auc_b": 0.0, "acc_b": 0.0, "rmse_b": 0.0, "auc_w": 0.7815328460928578, "acc_w": 0.7064932793800336, "rmse_w": 0.4437681949082384, "avg_inference_speed": 16974.718266387703, "inference_speed_std": 1740.60370494034, "Model": "routerakt", "Dataset": "assistments09", "l2": 0.1, "log_wandb_fold": true, "sequence_option": "recent", "seq_len": 100, "batch_size": 512, "eval_batch_size": 512, "num_epochs": 300, "print_epochs": 1, "max_grad_norm": 2.0, "learning_rate": 0.001, "optimizer": "adam", "diff_order": "random", "loss": "BCE", "save_model": false, "save_epochs": 1, "save_model_name": "tmp", "log_path": "logs", "describe": "default", "gpu_num": 0, "server_num": "0", "diff_as_loss_weight": false, "valid_balanced": false, "uniform": false, "seed": 12405, "embedding_size": 64, "num_blocks": 2, "kq_same": true, "model_type": "routerakt", "num_attn_heads": 8, "final_fc_dim": 512, "d_ff": 1024, "dropout": 0.05, "separate_qr": false, "routing_mode": "dynamic", "num_selected_heads": 4, "num_shared_heads": 1, "num_alibi_heads": 0, "balance_loss_weight": 0.0, "_wandb": {"runtime": 304}}
