{"fold_0/train_loss": 0.33734594797715545, "fold_0/valid_auc": 0.7483152415352342, "fold_0/valid_auc_balanced": 0, "fold_0/balance_loss": 1.6669726818799973, "epoch": 27, "_timestamp": 1742539804.0182526, "_runtime": 427.6584587097168, "_step": 202, "fold_0/training_curves": {"_type": "image-file", "sha256": "9c249c2852f957ff41f4dd76a6639e5e6871bdfb43cb39df16f4913375dd7508", "size": 145127, "path": "media/images/fold_0/training_curves_52_9c249c2852f957ff41f4.png", "format": "png", "width": 1500, "height": 900}, "fold_0/best_valid_auc": 0.7543258936791888, "fold_0/best_epoch": 41, "fold_0/final_balance_loss": 1.6669726818799973, "fold_1/train_loss": 0.36107675824314356, "fold_1/valid_auc": 0.7474406045267884, "fold_1/valid_auc_balanced": 0, "fold_1/balance_loss": 1.371381476521492, "fold_1/training_curves": {"_type": "image-file", "sha256": "12a00d2775d1470624077112d052796976b19d1ab0a841a16bfec278f1ee7556", "size": 152315, "path": "media/images/fold_1/training_curves_93_12a00d2775d147062407.png", "format": "png", "width": 1500, "height": 900}, "fold_1/best_valid_auc": 0.7551948464726852, "fold_1/best_epoch": 28, "fold_1/final_balance_loss": 1.371381476521492, "fold_2/train_loss": 0.37081327475607395, "fold_2/valid_auc": 0.749516456327851, "fold_2/valid_auc_balanced": 0, "fold_2/balance_loss": 1.4410267621278763, "fold_2/training_curves": {"_type": "image-file", "sha256": "fd6b7dcfb6fd20772a39909cae3fed7188f0538dfe14658e258e84ad39d06cc6", "size": 141709, "path": "media/images/fold_2/training_curves_126_fd6b7dcfb6fd20772a39.png", "format": "png", "width": 1500, "height": 900}, "fold_2/best_valid_auc": 0.7512367049430544, "fold_2/best_epoch": 20, "fold_2/final_balance_loss": 1.4410267621278763, "fold_3/train_loss": 0.3444630252197385, "fold_3/valid_auc": 0.7532516079161777, "fold_3/valid_auc_balanced": 0, "fold_3/balance_loss": 1.507209375500679, "fold_3/training_curves": {"_type": "image-file", "sha256": "b1d823d1a0a812b3c25015a1c988f5f957c42d6a8fa8708a52383188724424ed", "size": 146474, "path": "media/images/fold_3/training_curves_169_b1d823d1a0a812b3c250.png", "format": "png", "width": 1500, "height": 900}, "fold_3/best_valid_auc": 0.7612056741992039, "fold_3/best_epoch": 30, "fold_3/final_balance_loss": 1.507209375500679, "fold_4/train_loss": 0.40397265926003456, "fold_4/valid_auc": 0.7384345269062521, "fold_4/valid_auc_balanced": 0, "fold_4/balance_loss": 1.3550955206155777, "fold_4/training_curves": {"_type": "image-file", "sha256": "d3f6f19e57a1b2fa9a2c0eec56f964a0490352e97b15265d0400b8efcbd850f8", "size": 150850, "path": "media/images/fold_4/training_curves_198_d3f6f19e57a1b2fa9a2c.png", "format": "png", "width": 1500, "height": 900}, "fold_4/best_valid_auc": 0.7406931491361817, "fold_4/best_epoch": 16, "fold_4/final_balance_loss": 1.3550955206155777, "Results Table": {"_type": "table-file", "sha256": "300192cc34cc5c794610c63ec632e6045bb3f251c7e7c2ee97abc4fdc4ed760a", "size": 397, "artifact_path": "wandb-client-artifact://l5ejn6c8wv2amk4lolnhdh2hfzduu7dfws5bntem1ql7er66cvt0rb3q04oxiyi580bypli4ucpwrf0kssio1jmy20z7fylfi2pbl54qftei3st4snslkc1u6orn7o1t/Results Table.table.json", "_latest_artifact_path": "wandb-client-artifact://sgnwiirx2youz7jvqggw5lbk2me1txp0q752jmszti99xxpyeqeqyp7xgdt36ovwtfwpgmdnilaiz0e4c0j4dzdnzq7lfeahqtbdrfba5zhc1panmrylcxmifmij3uvg:latest/Results Table.table.json", "path": "media/table/Results Table_200_300192cc34cc5c794610.table.json", "ncols": 12, "nrows": 1}, "inference_speed_by_fold": {"_type": "image-file", "sha256": "91bf95c641c5914f542fffb68f9349bbb9e4a92a509c467ec4e2c09217d52f7e", "size": 44604, "path": "media/images/inference_speed_by_fold_201_91bf95c641c5914f542f.png", "format": "png", "width": 1050, "height": 750}, "auc_d": 0.7544864141689588, "acc_d": 0.7937911847515757, "rmse_d": 0.3823878893729507, "auc_b": 0.0, "acc_b": 0.0, "rmse_b": 0.0, "auc_w": 0.7544864141689588, "acc_w": 0.5707730944458487, "rmse_w": 0.5252999223346037, "avg_inference_speed": 15897.429265144008, "inference_speed_std": 4592.357904598833, "Model": "routerakt", "Dataset": "slepemapy", "l2": 0.1, "log_wandb_fold": true, "sequence_option": "recent", "seq_len": 100, "batch_size": 512, "eval_batch_size": 512, "num_epochs": 300, "print_epochs": 1, "max_grad_norm": 2.0, "learning_rate": 0.001, "optimizer": "adam", "diff_order": "random", "loss": "BCE", "save_model": false, "save_epochs": 1, "save_model_name": "tmp", "log_path": "logs", "describe": "default", "gpu_num": 0, "server_num": "0", "diff_as_loss_weight": false, "valid_balanced": false, "uniform": false, "seed": 12405, "embedding_size": 64, "num_blocks": 2, "kq_same": true, "model_type": "routerakt", "num_attn_heads": 8, "final_fc_dim": 512, "d_ff": 1024, "dropout": 0.05, "separate_qr": false, "routing_mode": "dynamic", "num_selected_heads": 1, "num_shared_heads": 1, "num_alibi_heads": 0, "balance_loss_weight": 0.001, "_wandb": {"runtime": 426}}
