{"fold_0/train_loss": 0.29344455897808075, "fold_0/valid_auc": 0.7436924803639281, "fold_0/valid_auc_balanced": 0, "fold_0/balance_loss": 1.0822948217391968, "epoch": 49, "_timestamp": 1742532517.5205822, "_runtime": 132.3018763065338, "_step": 245, "fold_0/training_curves": {"_type": "image-file", "sha256": "840ac67a7525c8d47e67cca4e3981108613c9a4f10d886a678a7720e1cd79918", "size": 150372, "path": "media/images/fold_0/training_curves_46_840ac67a7525c8d47e67.png", "format": "png", "width": 1500, "height": 900}, "fold_0/best_valid_auc": 0.7908873901295165, "fold_0/best_epoch": 35, "fold_0/final_balance_loss": 1.0822948217391968, "fold_1/train_loss": 0.29924580454826355, "fold_1/valid_auc": 0.7576078244370845, "fold_1/valid_auc_balanced": 0, "fold_1/balance_loss": 0.9987778663635254, "fold_1/training_curves": {"_type": "image-file", "sha256": "d0db195e35f4a6916450451b92f63e7ba08aec98a3a04e0471ff1c16e2f15063", "size": 145589, "path": "media/images/fold_1/training_curves_93_d0db195e35f4a6916450.png", "format": "png", "width": 1500, "height": 900}, "fold_1/best_valid_auc": 0.7929202074918742, "fold_1/best_epoch": 34, "fold_1/final_balance_loss": 0.9987778663635254, "fold_2/train_loss": 0.26971103250980377, "fold_2/valid_auc": 0.7466814832723019, "fold_2/valid_auc_balanced": 0, "fold_2/balance_loss": 1.049630880355835, "fold_2/training_curves": {"_type": "image-file", "sha256": "ec667ee570d69dd1c67f2d3af4223b0b48e8a3bbdc61483dad17346fe8305b78", "size": 142967, "path": "media/images/fold_2/training_curves_141_ec667ee570d69dd1c67f.png", "format": "png", "width": 1500, "height": 900}, "fold_2/best_valid_auc": 0.7766506193586421, "fold_2/best_epoch": 35, "fold_2/final_balance_loss": 1.049630880355835, "fold_3/train_loss": 0.27690982073545456, "fold_3/valid_auc": 0.7301271365059251, "fold_3/valid_auc_balanced": 0, "fold_3/balance_loss": 1.5087705850601196, "fold_3/training_curves": {"_type": "image-file", "sha256": "c26fdcc5f42fc295d8a481f12c6d638933a2a49f9dd37077d092f89f3cfb03aa", "size": 149623, "path": "media/images/fold_3/training_curves_190_c26fdcc5f42fc295d8a4.png", "format": "png", "width": 1500, "height": 900}, "fold_3/best_valid_auc": 0.7707769908471447, "fold_3/best_epoch": 36, "fold_3/final_balance_loss": 1.5087705850601196, "fold_4/train_loss": 0.2638814002275467, "fold_4/valid_auc": 0.7723533380258474, "fold_4/valid_auc_balanced": 0, "fold_4/balance_loss": 0.9725129008293152, "fold_4/training_curves": {"_type": "image-file", "sha256": "e363686af9e5772cfcc009529610568bfab1bed6da714d503ecb24811b3a52e8", "size": 138014, "path": "media/images/fold_4/training_curves_241_e363686af9e5772cfcc0.png", "format": "png", "width": 1500, "height": 900}, "fold_4/best_valid_auc": 0.8009329437291911, "fold_4/best_epoch": 38, "fold_4/final_balance_loss": 0.9725129008293152, "Results Table": {"_type": "table-file", "sha256": "dd4a92a66b2ade3adfe7f9dca7bdaad381ed3cb18636d0db7a764d545bf4d06a", "size": 396, "artifact_path": "wandb-client-artifact://1lxz5f2ldu6vbtn2x7i48qi9qctg0820k6c66jdb8ectpgq3zdb09p1yw6pcku5io88gao36cp1zqxjd4ory1hnou0d2it8s3m395ldb3wd7kj1b78252gjrym10rnke/Results Table.table.json", "_latest_artifact_path": "wandb-client-artifact://iz2z9eizw64zld1ox1kcvwyn6plcynb3yvm1ygecxv8imj4annge01n8uat7ucfkfo5na1md10johbhzn7ivijizkcq1c7makfabxc0jybtwg90jolf71uqh25qo3u1z:latest/Results Table.table.json", "path": "media/table/Results Table_243_dd4a92a66b2ade3adfe7.table.json", "ncols": 12, "nrows": 1}, "inference_speed_by_fold": {"_type": "image-file", "sha256": "de19e70f269f12a54b006be366200f921b7d638514c20a233b28f135f2afc44c", "size": 44883, "path": "media/images/inference_speed_by_fold_244_de19e70f269f12a54b00.png", "format": "png", "width": 1050, "height": 750}, "auc_d": 0.7872007274281753, "acc_d": 0.8009155979522428, "rmse_d": 0.37506946322787554, "auc_b": 0.0, "acc_b": 0.0, "rmse_b": 0.0, "auc_w": 0.7872007274281753, "acc_w": 0.6572228751902542, "rmse_w": 0.4848313852275009, "avg_inference_speed": 14561.389985250189, "inference_speed_std": 2932.4370122434, "Model": "routerakt", "Dataset": "bridge06", "l2": 0.1, "log_wandb_fold": true, "sequence_option": "recent", "seq_len": 100, "batch_size": 512, "eval_batch_size": 512, "num_epochs": 300, "print_epochs": 1, "max_grad_norm": 2.0, "learning_rate": 0.001, "optimizer": "adam", "diff_order": "random", "loss": "BCE", "save_model": false, "save_epochs": 1, "save_model_name": "tmp", "log_path": "logs", "describe": "default", "gpu_num": 0, "server_num": "0", "diff_as_loss_weight": false, "valid_balanced": false, "uniform": false, "seed": 12405, "embedding_size": 64, "num_blocks": 2, "kq_same": true, "model_type": "routerakt", "num_attn_heads": 8, "final_fc_dim": 512, "d_ff": 1024, "dropout": 0.05, "separate_qr": false, "routing_mode": "dynamic", "num_selected_heads": 1, "num_shared_heads": 1, "num_alibi_heads": 0, "balance_loss_weight": 0.001, "_wandb": {"runtime": 131}}
