{"fold_0/train_loss": 0.4321609274484217, "fold_0/valid_auc": 0.6994666694810805, "fold_0/valid_auc_balanced": 0, "fold_0/balance_loss": 1.5006863623857498, "epoch": 45, "_timestamp": 1742692152.1059856, "_runtime": 305.1702227592468, "_step": 209, "fold_0/training_curves": {"_type": "image-file", "sha256": "65e0e495cecd0c40cada64538d68979dfa42240f9b1b78950d5afa78ba335823", "size": 168871, "path": "media/images/fold_0/training_curves_39_65e0e495cecd0c40cada.png", "format": "png", "width": 1500, "height": 900}, "fold_0/best_valid_auc": 0.7072638671863265, "fold_0/best_epoch": 28, "fold_0/final_balance_loss": 1.5006863623857498, "fold_1/train_loss": 0.4583259643986821, "fold_1/valid_auc": 0.7049258252427185, "fold_1/valid_auc_balanced": 0, "fold_1/balance_loss": 1.3980282694101334, "fold_1/training_curves": {"_type": "image-file", "sha256": "b6b5c7259258a9321b9908b614f1290be5460b92be8d9428c2da4e68e2a58202", "size": 176748, "path": "media/images/fold_1/training_curves_76_b6b5c7259258a9321b99.png", "format": "png", "width": 1500, "height": 900}, "fold_1/best_valid_auc": 0.7174936307925359, "fold_1/best_epoch": 24, "fold_1/final_balance_loss": 1.3980282694101334, "fold_2/train_loss": 0.43181771552190185, "fold_2/valid_auc": 0.710025382109165, "fold_2/valid_auc_balanced": 0, "fold_2/balance_loss": 1.377236932516098, "fold_2/training_curves": {"_type": "image-file", "sha256": "ad9f64a70a1121be773d4b300c21389d58325b6f9c4b76ba7bf8bbac1ba53573", "size": 159836, "path": "media/images/fold_2/training_curves_119_ad9f64a70a1121be773d.png", "format": "png", "width": 1500, "height": 900}, "fold_2/best_valid_auc": 0.7212824941775093, "fold_2/best_epoch": 30, "fold_2/final_balance_loss": 1.377236932516098, "fold_3/train_loss": 0.4140371880494058, "fold_3/valid_auc": 0.7142378513368124, "fold_3/valid_auc_balanced": 0, "fold_3/balance_loss": 1.3286352753639221, "fold_3/training_curves": {"_type": "image-file", "sha256": "7054d938a63950bee6bf5e4b229414b38565f2d00722fb46e079411e1978d177", "size": 158613, "path": "media/images/fold_3/training_curves_158_7054d938a63950bee6bf.png", "format": "png", "width": 1500, "height": 900}, "fold_3/best_valid_auc": 0.7241883143299092, "fold_3/best_epoch": 26, "fold_3/final_balance_loss": 1.3286352753639221, "fold_4/train_loss": 0.4332842738367617, "fold_4/valid_auc": 0.7212746648276464, "fold_4/valid_auc_balanced": 0, "fold_4/balance_loss": 1.3627025932073593, "fold_4/training_curves": {"_type": "image-file", "sha256": "e39392b1596d747249b8039a4bd5c5c8482b3082b8f3f276ba429fed190d1780", "size": 165002, "path": "media/images/fold_4/training_curves_205_e39392b1596d747249b8.png", "format": "png", "width": 1500, "height": 900}, "fold_4/best_valid_auc": 0.7308222094445092, "fold_4/best_epoch": 34, "fold_4/final_balance_loss": 1.3627025932073593, "Results Table": {"_type": "table-file", "sha256": "c7a4eb6adf27a44af1ff630e4e0c6d6cbef3885c8d310cf03e1fddf541c5548e", "size": 390, "artifact_path": "wandb-client-artifact://lzqqr2tfplsep1dkm74o6r8rbpbtnx8wx3rflijqp8diuy7kvfxfcw42lftvpk9vn25rlqx6ri9sb7myj47jq09h98ccl1yqsgh34fbk8ct3i2c8bgooy4z9ln2jitl9/Results Table.table.json", "_latest_artifact_path": "wandb-client-artifact://x7x9x02iahv668pder0ilesyxg5ipebxlpm3yf5xyu5gnjge82fy22imz3pfg7l7e9pa3va3piyar5tvlnfqx03ps4hepobujer6ahez22xnbdms4s27hhghuodhvlj9:latest/Results Table.table.json", "path": "media/table/Results Table_207_c7a4eb6adf27a44af1ff.table.json", "ncols": 12, "nrows": 1}, "inference_speed_by_fold": {"_type": "image-file", "sha256": "bbd0779c223231c4833241a6245c47e8f1c8dabf915055a149b0fcb5878ffcfa", "size": 39587, "path": "media/images/inference_speed_by_fold_208_bbd0779c223231c48332.png", "format": "png", "width": 1050, "height": 750}, "auc_d": 0.7213115184534968, "acc_d": 0.672747622874393, "rmse_d": 0.4679315922345986, "auc_b": 0.0, "acc_b": 0.0, "rmse_b": 0.0, "auc_w": 0.7213115184534968, "acc_w": 0.6623183693306903, "rmse_w": 0.47491553910075635, "avg_inference_speed": 10980.551722132066, "inference_speed_std": 5.437282836802003, "Model": "routerakt", "Dataset": "ednet", "l2": 0.1, "log_wandb_fold": true, "sequence_option": "recent", "seq_len": 100, "batch_size": 512, "eval_batch_size": 512, "num_epochs": 300, "print_epochs": 1, "max_grad_norm": 2.0, "learning_rate": 0.001, "optimizer": "adam", "diff_order": "random", "loss": "BCE", "save_model": false, "save_epochs": 1, "save_model_name": "tmp", "log_path": "logs", "describe": "default", "gpu_num": 0, "server_num": "0", "diff_as_loss_weight": false, "valid_balanced": false, "uniform": false, "seed": 12405, "embedding_size": 64, "num_blocks": 2, "kq_same": true, "model_type": "routerakt", "num_attn_heads": 8, "final_fc_dim": 512, "d_ff": 1024, "dropout": 0.05, "separate_qr": false, "routing_mode": "dynamic", "num_selected_heads": 2, "num_shared_heads": 1, "num_alibi_heads": 0, "balance_loss_weight": 0.001, "_wandb": {"runtime": 304}}
